Fold,Accuracy
1,0.8571428571428571
2,0.8571428571428571
3,1.0
