,mean,std,mean ± std
ax,-0.00833671615454822,0.20607081520737905,-0.008 ± 0.206
ay,0.009761382719805292,0.21497595079515464,0.01 ± 0.215
az,-0.040648640705810764,0.4290920875450153,-0.041 ± 0.429
gx,0.001762615777304533,0.09056783011510772,0.002 ± 0.091
gy,-0.011114728141162154,0.1252160155832665,-0.011 ± 0.125
gz,-408869.5696042167,7248785.066559289,-408869.57 ± 7248785.067
