,mean,std,mean ± std
ax,0.2043933308497253,0.6380068387019365,0.204 ± 0.638
ay,0.19371217537994506,0.35133369920155033,0.194 ± 0.351
az,0.8893491505365384,0.7052455569349095,0.889 ± 0.705
gx,-0.8090301804945067,161.57001695021265,-0.809 ± 161.57
gy,-9.689371134890113,92.96358899918869,-9.689 ± 92.964
gz,-9.093508084642856,140.55397277777718,-9.094 ± 140.554
