,mean,std,mean ± std
ax,0.08104927711911357,0.004734059104364352,0.081 ± 0.005
ay,0.01951028550969529,0.0033669267777536975,0.02 ± 0.003
az,0.9614136119113574,0.004633941540782048,0.961 ± 0.005
gx,-2.858894891966759,0.1028539190810981,-2.859 ± 0.103
gy,-1.5816962880886425,0.09899517025466499,-1.582 ± 0.099
gz,-0.30769068662049864,0.09934331782488584,-0.308 ± 0.099
